Customer,Time,Revenue,Channel
Customer 1,2.98278024206433,37.6960598203753,Store
Customer 2,1.12175830031627,28.7001458596073,Store
Customer 3,2.71593344136005,43.6865982765226,Store
Customer 4,3.32667955976963,52.2719551711524,Store
Customer 5,4.00044013786966,35.2418764176772,Store
Customer 6,5.5067041534284,38.6802517699251,Store
Customer 7,3.53058687244647,21.9079570179147,Store
Customer 8,3.15980030523181,42.3862193071141,Store
Customer 9,3.53708284794993,35.4487298737499,Store
Customer 10,2.03624824302998,24.516027998788,Store
Customer 11,2.36610623361988,52.2785109044574,Store
Customer 12,3.40887238890638,23.2140026097752,Store
Customer 13,1.04517118449526,41.5320671109691,Store
Customer 14,0.485678368872994,31.3143350829636,Online
Customer 15,1.56626020528311,29.0044535645522,Store
Customer 16,4.37081767996257,35.5460516545735,Store
Customer 17,6.45050253352299,52.0767742544937,Store
Customer 18,1.34293492707039,24.0562702442171,Store
Customer 19,1.98966106039595,32.1071817550361,Store
Customer 20,2.63708773128068,57.074129608038,Store
Customer 21,1.8712335210657,40.1874900650161,Store
Customer 22,1.45076524051547,20.9508206415971,Store
Customer 23,3.3475047502745,55.148644801591,Store
Customer 24,6.38099257873737,23.1184166297493,Online
Customer 25,3.57063809457954,36.9038080758814,Store
Customer 26,2.55347081380302,23.3026408994545,Store
Customer 27,4.23644946662666,34.6191844055564,Store
Customer 28,5.48049244756108,58.5420426097692,Store
Customer 29,4.06107583944,48.9342625937317,Online
Customer 30,1.69823634751396,29.3966764122182,Store
Customer 31,2.42857461002322,28.2854061642922,Store
Customer 32,2.75329064188552,39.9243855473094,Store
Customer 33,3.37703458246895,23.2060948382395,Store
Customer 34,4.96780426311333,24.412825480884,Store
Customer 35,1.08419385166972,46.3790261300012,Store
Customer 36,3.94484887444957,33.3973471509903,Online
Customer 37,1.07298024783711,41.3049312664994,Store
Customer 38,7.680656702227,51.1695970239454,Store
Customer 39,3.32058163418922,33.0650017148123,Store
Customer 40,3.19812991625519,18.9220815745928,Online
Customer 41,1.53311065347911,26.1483587229804,Store
Customer 42,3.12116290163457,30.6766570104073,Online
Customer 43,5.26505146069057,30.7837614060596,Store
Customer 44,3.12505411295673,33.2950593680479,Store
Customer 45,3.50621827905981,37.4581093722633,Store
Customer 46,5.55001225249839,27.5425221514965,Store
Customer 47,4.79936026673742,32.260558667396,Store
Customer 48,1.15791220551689,53.2457894065461,Store
Customer 49,1.13415225599396,35.142337398516,Online
Customer 50,5.79545156945144,36.880427434525,Online
Customer 51,1.35296766201972,34.4586630972628,Store
Customer 52,0.910866875496095,39.6161167025584,Store
Customer 53,2.44579812434025,29.0322970460828,Store
Customer 54,0.768659096108375,47.6325823596808,Online
Customer 55,0.809998927532796,23.5467096266752,Online
Customer 56,2.36599996222728,45.846235559349,Online
Customer 57,6.07424335554672,19.7100468631155,Online
Customer 58,0.952633870844381,19.2625811715512,Store
Customer 59,1.78849467860456,33.8590736955507,Store
Customer 60,2.20587327152731,36.1120917985135,Store
Customer 61,4.77025558926659,37.1413762041131,Store
Customer 62,6.74116521013323,40.5377582504168,Store
Customer 63,6.45665415849106,24.404804813849,Store
Customer 64,4.4264610049925,18.8995067374855,Store
Customer 65,2.81545925559209,31.6184893736539,Store
Customer 66,1.74852395244632,37.0493775342625,Store
Customer 67,1.71230700475394,32.7565496072881,Store
Customer 68,1.14370382916955,25.9039029598117,Store
Customer 69,4.61017345224882,26.9189011575196,Store
Customer 70,1.09553689740002,40.5308351414219,Store
Customer 71,2.02784342644814,31.1082206739682,Store
Customer 72,1.54752664402149,30.5275436140559,Online
Customer 73,3.54804157382425,34.7886115483099,Store
Customer 74,6.80225199910607,29.0058254487528,Online
Customer 75,3.0407523067299,31.8913381044592,Store
Customer 76,0.357604147594731,28.1836753111445,Store
Customer 77,2.89146511225319,32.9794427648719,Online
Customer 78,5.51623896367264,46.1680032924059,Online
Customer 79,3.77736033532221,43.2599921267075,Store
Customer 80,4.01226485826473,47.5091897981292,Store
Customer 81,3.26806190494425,61.0809809498069,Store
Customer 82,3.27057962775602,34.489600388045,Online
Customer 83,2.49316892112453,57.2719419433773,Online
Customer 84,6.16804971623743,34.8612787618449,Store
Customer 85,1.30710134273866,19.5260030323903,Store
Customer 86,3.9810778022543,21.2011089084301,Store
Customer 87,8.66298914594017,49.7987074083825,Online
Customer 88,2.61956417213182,32.4507805566112,Online
Customer 89,1.90098010961236,31.7371961985408,Online
Customer 90,3.25251083290047,27.7336133430773,Store
Customer 91,2.06018189131692,15.4765135004801,Store
Customer 92,3.10878745279926,39.2294004176889,Store
Customer 93,4.45339206291759,46.8168478575317,Online
Customer 94,3.46275358463756,44.1795937727616,Store
Customer 95,6.69368197561079,35.9546754688523,Store
Customer 96,4.90121341230063,18.1556821325625,Store
Customer 97,3.71660414952486,44.9032935060613,Online
Customer 98,8.80306055633165,27.9216821807138,Store
Customer 99,7.39701953261957,29.0597083068591,Online
Customer 100,1.18804683666832,24.3410296660928,Store
Customer 101,3.12340655986907,25.5923296672409,Online
Customer 102,3.22625505943435,35.9391042769978,Store
Customer 103,6.5106016217787,35.662533837095,Store
Customer 104,1.19312432052636,25.0934387694724,Store
Customer 105,2.8760044862176,34.2788501370808,Online
Customer 106,5.49835468213529,32.7674316307937,Store
Customer 107,2.58454948246065,33.5722344293406,Store
Customer 108,4.09384538842522,40.354064874449,Store
Customer 109,4.12889570838885,31.2544300186962,Online
Customer 110,3.74858666545563,25.8183772880118,Store
Customer 111,2.56226625387502,28.5877765350555,Store
Customer 112,2.30246897339699,26.470870262867,Store
Customer 113,3.70937810952654,18.8493648742141,Store
Customer 114,1.02424526399426,46.0649047984993,Store
Customer 115,3.12540432704758,30.6710396902082,Store
Customer 116,6.26552364001043,41.0310400122262,Store
Customer 117,4.01035041631668,35.4196368858616,Store
Customer 118,3.8469331272809,40.8612980293373,Store
Customer 119,2.9793933625241,24.6489834806197,Store
Customer 120,1.44102993341038,43.281920239018,Store
Customer 121,1.20381751376556,31.4296658913272,Online
Customer 122,1.72328049315729,36.8746578335928,Store
Customer 123,1.39398034688099,32.8848572383777,Store
Customer 124,1.94335921602512,30.8170290608485,Store
Customer 125,3.45946312404976,27.5106086330157,Store
Customer 126,2.41766649954119,33.3395904876386,Online
Customer 127,2.04221291205034,11.0255430515934,Store
Customer 128,3.82675091142217,43.832589603645,Store
Customer 129,1.46511706008931,32.4589544229002,Store
Customer 130,2.41565581539471,18.5063430839966,Store
Customer 131,1.9971744041349,36.6633898024347,Online
Customer 132,4.01660011473279,44.2408960229087,Store
Customer 133,5.79069883960716,25.3993554566333,Online
Customer 134,0.331608292335485,39.8010616274988,Store
Customer 135,4.81894952974527,46.2754884392132,Store
Customer 136,0.892245033718833,41.6812534770983,Online
Customer 137,2.2765685044836,48.5697694928345,Online
Customer 138,2.08367931210962,45.2292019385249,Store
Customer 139,6.20785246242623,34.7829549514181,Store
Customer 140,2.34248937965077,20.0636534934518,Store
Customer 141,2.67916197810854,25.05474060404,Store
Customer 142,0.775124949132327,40.8788935273287,Online
Customer 143,2.6973440803684,42.8909284837605,Store
Customer 144,5.45930137182001,48.2354745882518,Store
Customer 145,2.3771342486584,42.1722116073127,Online
Customer 146,3.05555749806647,21.1928611027398,Store
Customer 147,0.738869907224986,36.028764975556,Store
Customer 148,1.04045121377263,17.0095644084583,Online
Customer 149,2.07175570877416,44.7301571891548,Online
Customer 150,2.72337229572544,37.1648575148563,Store
Customer 151,2.45260179336973,40.2511492031339,Store
Customer 152,0.709517009486667,29.5667466504853,Store
Customer 153,2.22801527118142,17.8298090957098,Store
Customer 154,1.81017404088636,45.3011662473885,Store
Customer 155,4.67066902051982,23.5288116350167,Store
Customer 156,4.54067639254041,32.3387047916295,Store
Customer 157,2.52194177186628,23.3275838715316,Store
Customer 158,5.12701136571125,32.8791753333498,Store
Customer 159,1.4341949731725,17.7818546651981,Store
Customer 160,2.48019949511966,20.6172535013294,Online
Customer 161,2.45166943044395,43.3455978811568,Store
Customer 162,1.45464380461186,39.7275865178133,Store
Customer 163,1.9545883990673,39.313076059373,Store
Customer 164,5.75860414260491,39.714609094055,Store
Customer 165,2.26958155536598,52.3689068413825,Online
Customer 166,4.31486134213103,44.0482660060663,Online
Customer 167,3.89853449495487,37.9033174255845,Store
Customer 168,3.97469714065439,26.261032885661,Store
Customer 169,2.63372514128393,27.8251350772491,Store
Customer 170,4.21480290757,33.2233060403931,Store
Customer 171,4.0345818918066,45.3401711973748,Store
Customer 172,2.96660958243076,15.9206013615431,Store
Customer 173,3.64344863213238,42.973269634674,Store
Customer 174,2.20486819153541,34.0514906270664,Store
Customer 175,1.51352901464925,37.0561511876575,Online
Customer 176,7.05207803800158,43.8389287921669,Store
Customer 177,3.65535527587494,17.9686780582083,Store
Customer 178,0.770972419421901,36.3577994158802,Store
Customer 179,5.48469083758227,46.7900211110371,Online
Customer 180,2.13210375222319,38.8429087414195,Online
Customer 181,2.88896368022784,35.3573806477479,Online
Customer 182,2.04841059026229,44.3433556048892,Store
Customer 183,1.9340065178011,33.8063685193491,Store
Customer 184,5.66561223367227,23.7231626833408,Store
Customer 185,1.94933809449791,39.1752802597765,Online
Customer 186,3.2119058778731,35.5146884561984,Store
Customer 187,2.13026328876315,34.1218968512686,Store
Customer 188,4.450801916921,36.0460213753536,Store
Customer 189,1.96641109670052,24.9036917020273,Store
Customer 190,3.65426794903678,32.1633359243219,Online
Customer 191,3.77533769648744,46.2996011012747,Store
Customer 192,4.26608556299767,34.5911525806296,Online
Customer 193,2.84339174848328,48.3683178868816,Online
Customer 194,2.7021083731989,39.0168507861509,Online
Customer 195,5.0048377093389,28.0244794128807,Store
Customer 196,3.6715209472208,12.3750227682562,Store
Customer 197,4.28293885505086,42.8756761548416,Store
Customer 198,7.58823797106029,30.485256575499,Store
Customer 199,4.6118693538517,29.3895007089598,Store
Customer 200,1.02549422712766,41.2311087322329,Store
Customer 201,3.34709110744247,49.2211379045504,Store
Customer 202,2.21617938137427,27.4155461061044,Store
Customer 203,1.76678534808617,34.4465708580116,Store
Customer 204,3.56745498417394,30.1954132240565,Store
Customer 205,0.943519785048829,25.7948347551241,Store
Customer 206,1.37201414238525,28.5237126488853,Online
Customer 207,1.17128356962102,40.179330180473,Store
Customer 208,6.08082812395627,49.7836086112366,Online
Customer 209,2.82462589384813,10.4331593680565,Store
Customer 210,0.471778730177276,20.5054801218634,Online
Customer 211,4.23136524246721,31.0019529763807,Store
Customer 212,3.30972967550281,40.1672312775917,Online
Customer 213,2.3957852878461,32.0746331894411,Store
Customer 214,3.23809385106439,48.4403646151628,Online
Customer 215,3.7971850320043,37.5312933873008,Store
Customer 216,1.22713912184943,25.4622960003969,Store
Customer 217,5.43912750810109,24.9610558664293,Store
Customer 218,4.46180638365322,40.5099737044602,Store
Customer 219,3.62518173837015,38.3236874926493,Store
Customer 220,1.36865800891733,36.4570283691537,Store
Customer 221,5.55685328534328,30.7829880513588,Store
Customer 222,3.87591798813073,35.0418530960703,Store
Customer 223,3.34427106014988,27.9660828296026,Store
Customer 224,2.44845176333562,49.4879015019428,Online
Customer 225,3.98031884837028,21.7693959109742,Store
Customer 226,8.50841324772379,30.3936194574013,Store
Customer 227,2.98068497723855,30.0732701952776,Store
Customer 228,9.8448619847082,55.2787792148807,Online
Customer 229,2.12812159640851,24.0950338974988,Store
Customer 230,0.357315168016494,42.2567021596733,Store
Customer 231,1.28884567066387,35.5163268538261,Store
Customer 232,5.74017557666344,30.4468636584225,Store
Customer 233,3.56819811161733,39.8650030984125,Online
Customer 234,4.63318393225996,36.0629534780472,Store
Customer 235,2.10714709570648,35.3578269061929,Online
Customer 236,2.11062170322979,29.0830666243427,Online
Customer 237,5.61317257171663,43.9867789387214,Store
Customer 238,5.74649758095402,35.3940030636977,Store
Customer 239,2.42988580749177,33.9241207046247,Online
Customer 240,1.75822790183641,46.4497232567682,Store
Customer 241,4.15351187800606,4.68795125173774,Online
Customer 242,3.12404402380482,36.8427872414412,Store
Customer 243,3.10722989231153,32.8373845733751,Store
Customer 244,3.11579147951521,46.6491190475374,Store
Customer 245,1.18193472648839,30.4908509168323,Store
Customer 246,0.541941547437734,32.4609424789715,Store
Customer 247,1.34406501397441,31.3095105103348,Store
Customer 248,2.46556295912384,38.7886919935123,Store
Customer 249,1.44318459653234,20.2104865518503,Store
Customer 250,1.57814009452566,28.2870245102366,Online
Customer 251,7.54275166290833,29.3624999017162,Store
Customer 252,2.84487102202891,18.1429801659403,Store
Customer 253,4.73578637434504,40.122725921724,Online
Customer 254,0.192275933111492,32.8236735192064,Store
Customer 255,0.376529361003611,51.3388485902655,Store
Customer 256,2.14583286406715,30.7052184264576,Online
Customer 257,3.66091020378653,52.2347047681567,Store
Customer 258,3.27369553156467,55.6816635610167,Store
Customer 259,2.6146901555296,10.3507410317063,Store
Customer 260,3.57437190491055,33.3799682359395,Online
Customer 261,1.4765824596902,32.6082569749269,Online
Customer 262,1.04152566359324,47.0950688053203,Online
Customer 263,1.82443137746596,36.82873446436,Store
Customer 264,1.55679477246352,44.6581763662031,Store
Customer 265,1.96606679034944,46.1677254036189,Store
Customer 266,5.3331847963299,18.7461445120094,Online
Customer 267,3.78910008801782,27.2606303996692,Store
Customer 268,1.33192492166623,32.7245361872004,Online
Customer 269,6.1824595876214,37.167511072017,Online
Customer 270,3.61269115063785,35.6414997992016,Store
Customer 271,3.55646612702136,19.4579391926294,Online
Customer 272,4.02867739127516,49.6199535651141,Store
Customer 273,3.53410288906293,34.9636526437813,Online
Customer 274,2.32546829100778,24.4968274524518,Online
Customer 275,1.58755170363632,49.1845211403816,Store
Customer 276,2.24670899228675,28.6455602310977,Online
Customer 277,1.66799961219603,51.9458628219188,Online
Customer 278,2.91008277838415,42.6300225533026,Store
Customer 279,1.55492631830587,32.7344182597584,Store
Customer 280,4.62242447211579,19.6370049419478,Online
Customer 281,4.04451234318138,42.4816125351297,Store
Customer 282,1.44041589335847,22.8708500387423,Store
Customer 283,2.39582593553018,45.9783691561991,Online
Customer 284,5.49861187775324,39.9177008551415,Store
Customer 285,2.48759515730369,46.7273712447097,Store
Customer 286,2.97373195711701,24.0721406949042,Store
Customer 287,0.967404380693943,28.1503256146782,Store
Customer 288,2.45535282568236,30.4232616744653,Online
Customer 289,2.62512940509456,29.1111561524757,Store
Customer 290,1.1223453760486,42.1489477040468,Store
Customer 291,3.43451691679932,33.4192465747327,Store
Customer 292,6.00679258269698,24.9096456138578,Store
Customer 293,0.856750169723897,30.6074371060635,Store
Customer 294,4.05900330086619,25.9697042613548,Store
Customer 295,3.10735930377833,34.3275958208045,Store
Customer 296,2.72160569055994,29.1660388581584,Store
Customer 297,1.69315225851891,34.8334729687646,Online
Customer 298,2.02322380808061,40.0865435543273,Online
Customer 299,1.80938417032497,30.8763530404545,Store
Customer 300,1.76811666786514,27.310572154028,Store
Customer 301,2.06947267629579,39.1617179680621,Store
Customer 302,3.11852032484005,34.5995686131884,Store
Customer 303,5.78089098418808,22.1688293200094,Store
Customer 304,4.47021562310526,42.2091140845632,Store
Customer 305,2.41579822610872,26.5851400757787,Store
Customer 306,1.19327962448546,29.2966164316045,Store
Customer 307,3.27373344782544,30.2739101923157,Online
Customer 308,2.94890281709529,24.3850001091571,Store
Customer 309,1.85742049155192,35.9998232203776,Store
Customer 310,1.1555291329621,27.1527490373498,Online
Customer 311,1.20935924667817,17.1048063977384,Store
Customer 312,2.36408625602169,20.9587715621203,Online
Customer 313,2.64836707970253,43.0011082755352,Store
Customer 314,2.18684788244463,38.1683563522278,Online
Customer 315,5.52415841002906,23.388193594504,Online
Customer 316,2.90666551096842,39.2144740415529,Store
Customer 317,3.95955071762016,29.183092761739,Online
Customer 318,2.26862489671577,42.6518983145939,Online
Customer 319,1.42101256424941,29.8763392263446,Online
Customer 320,1.77420182397347,32.3166203829835,Store
Customer 321,2.51736909870177,29.1391293545669,Store
Customer 322,4.62238837029404,46.8974354378781,Store
Customer 323,1.86590463079433,28.3507942922426,Online
Customer 324,4.92702474576807,35.1667896079218,Online
Customer 325,4.52155258899076,33.9279838823996,Store
Customer 326,3.25697680290705,28.6081858555336,Store
Customer 327,2.91654246927713,50.363996579876,Online
Customer 328,0.97218448701715,48.1478252374211,Store
Customer 329,6.14410078071007,38.438709231174,Store
Customer 330,4.97640205767915,43.1691783217013,Store
Customer 331,0.745277929102959,45.9532868138479,Store
Customer 332,3.9819914453286,46.1875308890823,Store
Customer 333,2.98146283032271,19.6680319670219,Store
Customer 334,2.80360954627117,39.773652894691,Store
Customer 335,2.76824257018798,45.4649146291566,Store
Customer 336,1.07065750300061,45.312200722582,Store
Customer 337,5.7774149445109,48.5667859199234,Store
Customer 338,3.54818636174148,45.7786297002482,Store
Customer 339,4.38886507288144,28.5630913413605,Store
Customer 340,3.75032480349392,45.5811727370356,Store
Customer 341,10.6963742163991,48.1761510140751,Store
Customer 342,1.48325636801895,34.8628194662583,Store
Customer 343,2.46177286715771,29.6619722344644,Online
Customer 344,0.881042363698219,28.8445803749018,Store
Customer 345,1.20961854363209,42.0158380751259,Online
Customer 346,8.91127417195655,28.0930924135032,Store
Customer 347,3.63810777781006,24.75861649066,Online
Customer 348,1.71393197261211,35.3736569733243,Store
Customer 349,3.24198180263668,36.2251497299211,Store
Customer 350,1.99172865828053,27.4844889106461,Store
Customer 351,1.06060992605322,33.9798980241212,Store
Customer 352,3.72356992638348,30.5420643639671,Online
Customer 353,4.17529855800158,38.8133193408814,Store
Customer 354,4.63386721154669,37.2796814796991,Store
Customer 355,4.21221013039086,42.2973256525683,Online
Customer 356,2.82368337452237,55.6050782734294,Store
Customer 357,1.87847907941205,20.8510157577617,Store
Customer 358,2.92234379943982,28.1650462399514,Store
Customer 359,0.35296939440459,40.6393334259651,Store
Customer 360,4.30019165767675,32.9820656966714,Store
Customer 361,1.58373005385289,18.4119775799442,Store
Customer 362,1.50561486226887,32.8092968428791,Online
Customer 363,1.87329804355801,44.3774119189765,Online
Customer 364,2.55319303817318,40.878373031157,Store
Customer 365,2.05574347805141,34.1008361956955,Online
Customer 366,4.47420587544486,4.6025954254212,Store
Customer 367,3.11519860693367,29.4176028746296,Store
Customer 368,7.10617080836094,21.7080812698244,Store
Customer 369,1.86694265683164,44.3626112567267,Store
Customer 370,3.1011244360246,34.3964888874781,Store
Customer 371,3.3450262367975,56.0345686817915,Online
Customer 372,3.67459025509268,27.9949410945848,Store
Customer 373,3.62845847086544,25.3509770145726,Store
Customer 374,1.26651274356916,37.3643236563336,Store
Customer 375,5.51473762716844,45.5789575207286,Online
Customer 376,3.42095603847404,27.6417641366727,Store
Customer 377,2.08901380604779,43.6236818317305,Online
Customer 378,2.97091427116585,30.1812151675165,Online
Customer 379,1.89739391161205,46.7902110337291,Store
Customer 380,1.64255731086772,32.8950741497534,Online
Customer 381,1.61996047985504,34.5922819367923,Store
Customer 382,8.18821907715087,19.6269121949671,Store
Customer 383,6.47548887180959,22.1649996387065,Store
Customer 384,2.65636745054858,35.6364929523822,Store
Customer 385,1.79912379211086,26.1099057118383,Store
Customer 386,1.16809288998248,34.8254329889437,Store
Customer 387,7.5723769496668,54.0299516443883,Store
Customer 388,4.25677656184675,12.9323737659366,Store
Customer 389,7.03237446000488,38.0175556317366,Store
Customer 390,4.15986025152052,36.8867938369509,Online
Customer 391,1.67929050274983,19.3711020070547,Store
Customer 392,2.55840703323027,48.3864324011448,Store
Customer 393,0.943144079384769,28.1490871831749,Store
Customer 394,1.90273302465352,33.0387787963974,Store
Customer 395,3.95037079712677,20.1276748570565,Online
Customer 396,4.80416179229965,16.0587759238384,Store
Customer 397,2.97426740067539,48.9132877053075,Online
Customer 398,1.92673531554953,51.0836101273739,Online
Customer 399,5.78588933059778,45.622035330801,Store
Customer 400,3.92478726500521,36.4695947068837,Store
Customer 401,3.70021511252722,30.7245444981687,Store
Customer 402,3.63302965308789,28.5622097830038,Store
Customer 403,2.66687838928748,37.7195105487213,Store
Customer 404,0.83088187497863,27.0392199091583,Store
Customer 405,1.69514008706543,28.4607065583852,Store
Customer 406,4.14550834597694,30.9881821735987,Store
Customer 407,1.67759271753292,40.2636243904797,Store
Customer 408,2.5934739196345,46.5655775360678,Store
Customer 409,3.60906916060683,16.8515435389622,Store
Customer 410,4.42957596198639,45.1052687572134,Store
Customer 411,1.36394661932685,28.0370202690801,Online
Customer 412,3.84744632017245,32.7417075351325,Store
Customer 413,1.39208041936585,54.5677824623772,Online
Customer 414,1.82335590333973,39.7598989116538,Online
Customer 415,3.83902510832842,26.759603292996,Store
Customer 416,1.17267863730493,33.8764496800369,Store
Customer 417,3.11613278620178,31.440031090338,Store
Customer 418,1.89408758129673,36.4342314628172,Online
Customer 419,1.58862135905113,20.3757110331717,Store
Customer 420,0.905288217103585,46.6252201313086,Store
Customer 421,3.10092476724508,31.4968921476252,Online
Customer 422,3.24580970278552,48.8434952826192,Store
Customer 423,0.765465082774312,51.048368476489,Store
Customer 424,5.94153680185992,25.0730355630947,Store
Customer 425,3.56791952645821,26.5581760606184,Online
Customer 426,2.74515793336593,41.8182983359712,Online
Customer 427,4.15027566029028,46.7957520561451,Store
Customer 428,5.87341037950281,37.8765721091564,Online
Customer 429,1.81311936690093,34.7939793655487,Online
Customer 430,2.89795703965648,34.2842038363623,Online
Customer 431,2.62622242708141,38.864167084827,Store
Customer 432,2.45796406149763,40.6754419402815,Store
Customer 433,3.07363983022782,33.5888176894729,Store
Customer 434,4.58554040155602,19.9262482284179,Online
Customer 435,2.31740252693886,49.5268871531902,Store
Customer 436,1.80422661531907,31.8635461063017,Online
Customer 437,11.7972840397906,23.2970763509947,Store
Customer 438,3.85158913455782,49.326308608342,Online
Customer 439,2.17339831878695,39.1203269351095,Store
Customer 440,2.25798532772481,38.8325533112879,Online
Customer 441,4.94137509967648,17.7332431087711,Online
Customer 442,1.4973262169233,41.4128653366608,Store
Customer 443,3.61811540323417,42.3799512413509,Online
Customer 444,3.33934561169794,44.3354776018977,Store
Customer 445,2.17371936550576,53.959933386,Store
Customer 446,6.60628845431281,40.3667482247227,Store
Customer 447,1.07303695629637,36.6926366821071,Store
Customer 448,2.24022241396906,35.9140805054125,Online
Customer 449,4.22106491214062,40.7853301105135,Store
Customer 450,3.2101976008602,28.3847863022717,Online
Customer 451,3.42375702388403,37.747643279773,Store
Customer 452,2.16008867802357,24.6999992320032,Store
Customer 453,5.75068368483381,44.092239432029,Store
Customer 454,3.78164529684322,22.7084775783767,Store
Customer 455,1.80893378564471,42.7347918739425,Online
Customer 456,1.39778762364742,39.6625454398998,Store
Customer 457,4.7346183412629,33.7976061056457,Store
Customer 458,2.86564985676057,11.7559438254008,Store
Customer 459,0.43356632869066,24.0040798288452,Store
Customer 460,1.03447336153832,32.0133872028526,Store
Customer 461,2.41655275370246,34.6686430554853,Store
Customer 462,1.55335689848498,27.9890152959085,Store
Customer 463,0.731068997607224,32.574721983994,Store
Customer 464,1.16929377707803,33.1209097012124,Store
Customer 465,1.69359141197961,21.9304179822355,Store
Customer 466,1.17280327754467,49.4011066296326,Store
Customer 467,1.08564591123942,33.9276350173248,Store
Customer 468,4.27958352533565,34.0037182452667,Store
Customer 469,1.63647859457502,31.0677435254622,Store
Customer 470,2.97365975546603,42.3159858434413,Store
Customer 471,3.13154654058582,45.2944768666518,Online
Customer 472,0.557729802945182,39.6721708237077,Store
Customer 473,2.84174222006852,39.293999685962,Store
Customer 474,2.34480867106113,29.8450251653048,Store
Customer 475,5.00082150446527,21.9601126152235,Store
Customer 476,3.71504621889769,45.7811665627804,Store
Customer 477,4.20192714877089,21.9113508470667,Store
Customer 478,2.79214539194763,31.8570462234449,Store
Customer 479,2.96949713705228,35.9401586779058,Store
Customer 480,2.81481059735462,40.640109178603,Store
Customer 481,0.753298347591672,39.6324017978724,Store
Customer 482,3.33972800616047,16.7617832206928,Store
Customer 483,2.76564617434896,33.9014503234013,Store
Customer 484,1.60137105834427,54.445952099743,Online
Customer 485,3.18912231496658,29.927749324941,Store
Customer 486,1.32357955278613,18.3115629783665,Store
Customer 487,2.47378306043907,41.3993157892103,Store
Customer 488,5.26872792104256,60.5345691046618,Online
Customer 489,1.1069971024627,29.8006282362002,Store
Customer 490,3.89602597372094,21.2872701104794,Online
Customer 491,1.61857886526305,28.2399573736758,Store
Customer 492,2.17486296586786,38.7335372643141,Store
Customer 493,3.61725068262799,28.3080962223914,Store
Customer 494,3.95861855009766,27.2780292788158,Store
Customer 495,4.25378272950123,50.3430557046987,Store
Customer 496,6.14414501743367,18.6606065082769,Store
Customer 497,2.55730269605715,46.8932416730639,Store
Customer 498,1.84935486541484,41.7841300494225,Online
Customer 499,1.49215682109026,22.3226825244363,Store
Customer 500,5.61221971158909,31.2215063562333,Store
Customer 501,5.54192482396626,56.6993075704848,Online
Customer 502,3.37226092997388,73.4584612603669,Online
Customer 503,3.20785630331685,57.9277412137039,Online
Customer 504,3.61582013115295,66.7022420607065,Online
Customer 505,3.55791459552827,41.2564523771386,Online
Customer 506,5.71161112786626,44.5254347423712,Online
Customer 507,2.85317201281592,43.3001354273188,Online
Customer 508,1.24870785592083,45.884678046779,Online
Customer 509,2.13176857518315,49.933590042954,Online
Customer 510,5.48331322630925,47.6192617366059,Online
Customer 511,1.66915130882557,37.9274647759128,Online
Customer 512,2.82558796790492,67.6969311696485,Online
Customer 513,0.964558657380704,42.4979934844038,Online
Customer 514,3.83451948055499,60.8057460454704,Online
Customer 515,2.7830797756367,45.8148111268442,Online
Customer 516,1.55241029991753,70.6796802191442,Store
Customer 517,0.466865643420838,31.0005017733459,Online
Customer 518,3.20534273150813,52.819238491947,Online
Customer 519,2.65899287252766,29.9671353801567,Store
Customer 520,3.9391198434707,43.4858931505445,Online
Customer 521,1.80614283615175,48.7672100341843,Online
Customer 522,2.51879694842514,47.6750157071635,Online
Customer 523,2.49756163189001,38.1522831456426,Online
Customer 524,3.16559822457362,33.9643410895469,Online
Customer 525,0.855296108360358,42.8224781907268,Online
Customer 526,1.91884057927314,66.2027760949459,Online
Customer 527,1.08358219685752,48.546855339797,Online
Customer 528,2.83953760301801,43.8684319359905,Online
Customer 529,4.17968214330146,41.7656430845366,Online
Customer 530,1.95446915950288,46.290023817111,Store
Customer 531,5.26833269606919,38.6708012537186,Store
Customer 532,3.34798833622208,51.8870563688656,Online
Customer 533,5.73831043654283,34.594707453477,Store
Customer 534,4.24116632247994,44.4730526579512,Online
Customer 535,3.43867389633156,64.1257300511943,Online
Customer 536,1.95731386003077,39.0329011451122,Store
Customer 537,1.51904708339024,41.9683470238058,Store
Customer 538,3.07066661495071,71.6484893837948,Store
Customer 539,2.2719056501458,63.5403102056933,Online
Customer 540,2.92860030470168,60.262003095963,Online
Customer 541,5.85591108143803,40.9358574480358,Online
Customer 542,3.33045267630103,46.5385013784341,Online
Customer 543,1.37929641405054,43.569084062308,Online
Customer 544,4.48670713647238,67.3746900133847,Store
Customer 545,4.62208441346711,35.4097541352932,Store
Customer 546,2.51131889620713,33.2356749327039,Store
Customer 547,1.92364430365169,49.5583640112864,Online
Customer 548,3.51110128140146,46.9113673973068,Online
Customer 549,5.16799014275975,58.3573262771235,Store
Customer 550,4.34505735715497,43.0529086090904,Online
Customer 551,0.936303963229488,45.9617731550466,Online
Customer 552,6.74751392867911,37.6608957731588,Store
Customer 553,3.85896932953466,33.1592313836016,Online
Customer 554,4.5335693858707,66.4746187185617,Online
Customer 555,0.748425354533054,53.158946630932,Store
Customer 556,3.13608680970915,46.5182133290658,Online
Customer 557,1.30405515905308,44.6885994984448,Store
Customer 558,3.21801173624579,54.0945493100438,Online
Customer 559,5.3669547597356,92.1736643604719,Online
Customer 560,2.36603123608923,55.0299197283397,Store
Customer 561,1.72367267132973,44.2647686542169,Online
Customer 562,2.6755678701793,8.66696575130905,Online
Customer 563,0.977082688426829,43.1044438361215,Store
Customer 564,3.30278215338432,46.061684340849,Online
Customer 565,1.37623983007516,51.1963374310027,Online
Customer 566,2.69787528572681,66.2119548204771,Store
Customer 567,3.5745039935568,61.5763665177866,Store
Customer 568,7.01931231518759,68.3894822129184,Online
Customer 569,5.79328766032962,56.0214678108375,Online
Customer 570,2.23228840319986,44.1120701948293,Online
Customer 571,1.73555471088382,51.8449009894329,Online
Customer 572,2.60105648741813,60.6228106749086,Store
Customer 573,1.36798973342526,41.9273404234309,Online
Customer 574,0.251438299171329,57.9837151086782,Online
Customer 575,3.90010884120589,34.7169107245504,Online
Customer 576,3.95510857934788,35.1879100723789,Online
Customer 577,2.80251896224119,40.863796289853,Store
Customer 578,2.74331891741699,69.6601598489448,Online
Customer 579,1.36004165761257,52.8372594374543,Store
Customer 580,1.55731321515907,44.8268898602484,Online
Customer 581,3.87411169636706,74.1278003780484,Online
Customer 582,7.50430420163127,43.7642078006108,Online
Customer 583,2.10609956799722,32.4749247233187,Online
Customer 584,6.2366665597214,53.0542735862049,Store
Customer 585,1.82054322002681,50.4508228646081,Online
Customer 586,0.334158049625268,46.422960161862,Online
Customer 587,1.29648382012623,41.7864131258232,Online
Customer 588,2.87501013633964,61.2627703497238,Store
Customer 589,5.53750052118479,44.7375791479969,Online
Customer 590,6.40442633305531,56.2891147509237,Online
Customer 591,4.91409344896737,44.8104601916846,Store
Customer 592,3.2689290790191,59.6825343628745,Online
Customer 593,1.42047418581089,69.9979805845481,Online
Customer 594,3.33750304799904,38.1584127559454,Online
Customer 595,4.97773117322586,52.7869118004942,Online
Customer 596,5.3483846026817,52.0182613900419,Online
Customer 597,6.08467377643436,26.8649070484012,Online
Customer 598,2.22849479593944,23.6829134764914,Online
Customer 599,3.23125628131988,47.0742625783116,Online
Customer 600,4.0049415105883,85.6927677416755,Online
Customer 601,1.15495973781102,67.8328349138121,Online
Customer 602,7.1447802981268,54.7342048406439,Online
Customer 603,3.44439282459328,37.5035402302813,Store
Customer 604,4.08521925308593,30.6438585776895,Store
Customer 605,2.58057572934213,55.2793263856569,Store
Customer 606,2.36973529694167,84.7861575351368,Online
Customer 607,4.91449100355139,37.4946763223601,Store
Customer 608,1.51499781219924,31.3838138228112,Store
Customer 609,0.529775476116507,62.7714921798487,Online
Customer 610,5.00058046989684,75.1354335618639,Online
Customer 611,2.32072529639593,59.2878015241721,Online
Customer 612,1.12580642567836,44.9329755183059,Store
Customer 613,3.56815272922913,43.3693122120443,Online
Customer 614,1.58195081121903,50.0912023365847,Online
Customer 615,3.52636222240661,33.4054727218742,Store
Customer 616,2.30596230194383,45.5051870212103,Online
Customer 617,2.76888083940176,44.3886298496238,Online
Customer 618,1.64249896552746,79.012262341649,Online
Customer 619,2.17633576626705,56.3348551269454,Online
Customer 620,2.16713233382855,66.5654809991109,Online
Customer 621,4.99306048836513,33.5285560342259,Online
Customer 622,1.52129222793565,40.0769637230159,Store
Customer 623,2.11874057685805,49.7220037001711,Online
Customer 624,1.12235084303458,54.3724782516447,Online
Customer 625,8.70593254097165,42.1987797738725,Store
Customer 626,5.55989444069331,37.989996779023,Online
Customer 627,2.72227025317602,22.9757194217858,Online
Customer 628,2.13970507456218,36.9922303400109,Online
Customer 629,3.5079800022579,35.91363388221,Online
Customer 630,2.31570424128568,71.3880313786636,Online
Customer 631,0.224841452204186,37.8274148908661,Store
Customer 632,1.22962709606037,51.888146882579,Store
Customer 633,8.32735681976872,57.6331264559733,Online
Customer 634,7.73309236454188,47.8873228326788,Store
Customer 635,6.93963708776827,26.0667954586808,Store
Customer 636,2.09543746235011,60.4305267400934,Online
Customer 637,3.6655157889898,66.0322234865273,Online
Customer 638,2.32899653353791,42.0361358104235,Online
Customer 639,3.7943508686573,48.2278451867781,Online
Customer 640,2.16886149925318,49.370397428986,Online
Customer 641,6.60551413201511,56.1754519056699,Online
Customer 642,1.01128328848423,54.483320578979,Online
Customer 643,1.51702893624616,37.3272359006736,Online
Customer 644,1.45058198123738,26.209833328291,Online
Customer 645,2.49296156842252,23.8855495542234,Store
Customer 646,2.14262627216198,55.6688313526127,Online
Customer 647,8.24425561451913,56.4863004409247,Store
Customer 648,1.0916040153505,35.8829015786863,Store
Customer 649,2.4815854318749,44.2557484794051,Online
Customer 650,0.438562081040937,51.5561922974407,Store
Customer 651,3.44775080040692,37.7132258486341,Online
Customer 652,5.6395770134213,12.1598566544305,Online
Customer 653,2.08542452972476,42.9479755685798,Store
Customer 654,4.91400023996382,49.3888793225428,Online
Customer 655,4.03208511574049,64.114627563056,Online
Customer 656,1.01986800486541,47.4756729063454,Store
Customer 657,1.80303062959316,61.0025475426417,Store
Customer 658,5.5166767585117,34.7711592379417,Online
Customer 659,1.30597214495436,74.432079180286,Online
Customer 660,3.34757870081359,81.1800676585778,Online
Customer 661,0.759715090968271,36.0725388228186,Online
Customer 662,1.89436179022016,78.1426168538938,Store
Customer 663,3.3096635136285,74.975447373909,Store
Customer 664,2.39745914865683,61.67150689484,Online
Customer 665,1.98498322002572,36.6660617842879,Store
Customer 666,2.09269394454602,53.1438128420263,Online
Customer 667,2.09308878236532,65.5151572612917,Store
Customer 668,0.778355338107528,6.52936237029802,Online
Customer 669,2.97830610875906,43.7906534569063,Online
Customer 670,1.16329747133793,35.3377428482977,Online
Customer 671,4.25739426238148,61.5372699347497,Store
Customer 672,1.46412789577725,38.3697604242542,Online
Customer 673,3.12282920755051,37.1033418094523,Online
Customer 674,1.33493672941559,61.7880012123359,Online
Customer 675,6.13864254573243,48.6707412750749,Online
Customer 676,5.23661554148779,59.8903839125378,Online
Customer 677,2.95220813315878,38.4362044426154,Online
Customer 678,11.5695753220407,55.3988562492997,Online
Customer 679,2.09525997775936,47.2991657356414,Online
Customer 680,1.54873449815365,17.3124882833359,Store
Customer 681,0.940917162473448,54.2314832644791,Store
Customer 682,7.62772926670348,57.6384195993498,Online
Customer 683,1.2886096689656,61.7389616729085,Online
Customer 684,0.596863316725963,50.9707415830833,Online
Customer 685,3.04411413286927,62.6295709825714,Online
Customer 686,1.13229193737993,20.6825097732689,Online
Customer 687,4.38589018680956,63.5755953218366,Online
Customer 688,2.47150483972338,53.5223612252084,Online
Customer 689,3.52211178857295,45.6712452241154,Online
Customer 690,5.15985448662623,36.9415498637334,Online
Customer 691,2.76311179991195,61.7363795887036,Online
Customer 692,3.2247990307969,40.6067194207909,Store
Customer 693,2.01897913832711,30.5905563070907,Store
Customer 694,2.28325831649031,68.9958537578906,Online
Customer 695,1.82601434991335,75.8154071833025,Online
Customer 696,3.56630150887893,34.4707602586382,Store
Customer 697,1.62902333561357,52.1522624186457,Online
Customer 698,5.38334647936691,38.5667613885908,Online
Customer 699,4.38683398835731,57.4801015307374,Store
Customer 700,1.57189960459279,57.2198070035055,Store
Customer 701,1.84500240735248,55.9763587702677,Store
Customer 702,4.10374244561425,31.4301677770939,Online
Customer 703,4.14825140679594,59.8098111279489,Online
Customer 704,1.4782029633666,52.1324486977647,Online
Customer 705,2.25012167970837,66.3085119027687,Store
Customer 706,1.84501073203224,50.4881526530724,Online
Customer 707,2.19885023841622,71.0018176660823,Store
Customer 708,4.92156469557925,77.2194595278479,Online
Customer 709,3.99592136476591,46.6634556745403,Online
Customer 710,2.27560035587495,61.2011851532361,Store
Customer 711,4.40132015083872,40.4225657376174,Online
Customer 712,3.50505965101616,31.1881547137356,Online
Customer 713,0.564268788345982,47.487468021686,Store
Customer 714,0.607034064306594,30.3298956205004,Online
Customer 715,2.84729320499816,55.2745535813481,Online
Customer 716,2.95671698765711,52.972213199057,Online
Customer 717,3.3204294785256,58.8805473961029,Store
Customer 718,2.11326564384872,46.9155577750659,Store
Customer 719,2.58569048081535,50.4430128514885,Online
Customer 720,3.55169125854056,57.8585637596055,Online
Customer 721,0.844781384279063,40.5352494393877,Online
Customer 722,1.61309205640053,38.0561587484187,Online
Customer 723,1.36180623977274,69.088569543758,Online
Customer 724,1.77789490978093,38.3164950192176,Online
Customer 725,6.16003417288713,62.9636678442921,Online
Customer 726,1.87845490355074,45.1760577230926,Store
Customer 727,1.73674933856458,21.9764643223178,Online
Customer 728,3.38106371744166,54.4239455285878,Online
Customer 729,4.69749255415249,68.589898741678,Online
Customer 730,7.59145760288677,40.6759029691245,Online
Customer 731,4.26300145728278,20.4999352594302,Store
Customer 732,0.841494932390573,75.7735337359473,Store
Customer 733,3.90654771673221,55.3675578059423,Online
Customer 734,2.46667189692081,29.3073158781467,Online
Customer 735,5.34081062409411,41.655420392803,Store
Customer 736,1.93252335991785,52.4655850657131,Online
Customer 737,2.03225413637467,51.7220750942023,Online
Customer 738,2.77573921373626,84.687844720028,Online
Customer 739,3.10989920590178,57.9953732338832,Online
Customer 740,3.7081833570245,33.4480114828908,Store
Customer 741,1.20170814206181,48.6199538893895,Online
Customer 742,5.75455239335056,49.0909778415786,Online
Customer 743,4.98945771294796,57.1646800196789,Online
Customer 744,2.57440417250989,35.1583087322373,Online
Customer 745,3.72627080818666,56.4763042825048,Online
Customer 746,2.2949230359098,69.9975089145497,Online
Customer 747,9.43588288087794,60.7795743119646,Online
Customer 748,3.6542952913153,47.5820192854925,Online
Customer 749,5.00385699419785,83.077351040393,Online
Customer 750,1.11362268952928,61.9813141608898,Online
Customer 751,1.83063436607138,53.7108738576602,Store
Customer 752,2.06168650596827,42.3870749369719,Online
Customer 753,0.868348439397559,38.9258487776684,Online
Customer 754,1.35351619601983,41.8317678396208,Online
Customer 755,4.10178949156719,64.0654835098371,Online
Customer 756,3.16000432695643,54.8050829522017,Online
Customer 757,1.62446075978201,48.6807623786527,Online
Customer 758,2.89946241863628,71.2121165712097,Online
Customer 759,2.29701975220574,47.7690670095309,Online
Customer 760,4.99575940240942,56.3109832332265,Online
Customer 761,2.80346064658359,58.0445127966433,Online
Customer 762,4.8924662824796,37.6961559738584,Store
Customer 763,4.72439492561965,62.5614878501576,Online
Customer 764,1.90097454508908,46.4387329784837,Store
Customer 765,3.81610393080623,61.5057321973272,Online
Customer 766,4.66224233100772,25.8703762573221,Online
Customer 767,3.05876830563225,40.9344424175313,Online
Customer 768,2.81257541403366,42.2545114885621,Online
Customer 769,1.03459622046145,51.9417888282522,Store
Customer 770,1.04786005630879,34.1774929064511,Online
Customer 771,5.3521613809687,54.2130907447312,Online
Customer 772,3.28925605224652,59.7026940735525,Online
Customer 773,4.69365624483514,46.4096745923552,Online
Customer 774,2.79545431871191,23.5304608319829,Online
Customer 775,4.33939574800885,36.3019604970298,Online
Customer 776,6.09527164169715,66.3358207397198,Online
Customer 777,1.44819238862782,68.3619371895343,Store
Customer 778,4.71178043746169,32.8968139320928,Store
Customer 779,6.93279941794321,49.5773226771898,Online
Customer 780,7.3422975041487,59.5798142112597,Online
Customer 781,4.03382789046665,31.030608594046,Store
Customer 782,1.04468563418987,44.5424425302947,Store
Customer 783,2.66374529655559,39.5192950226301,Online
Customer 784,1.90983904526169,51.5360222812783,Online
Customer 785,0.388881938242302,33.0385262559159,Store
Customer 786,3.08474924973384,26.0540990369602,Store
Customer 787,2.69059098797551,46.2743165171765,Online
Customer 788,0.918104537092475,26.4961283594501,Online
Customer 789,1.63269402905824,46.1852221229209,Store
Customer 790,4.34520656983864,26.6202558177072,Store
Customer 791,1.67186395030569,27.7375971431152,Online
Customer 792,1.85330197905484,43.2028849446946,Online
Customer 793,3.36215959378708,69.8837822297479,Store
Customer 794,2.54447859160027,37.4450536125283,Online
Customer 795,3.87961723743842,34.9196630525189,Store
Customer 796,7.34481560275294,41.7430045712923,Online
Customer 797,2.15301972701756,98.5663180623398,Online
Customer 798,4.10890715834064,35.3386972179332,Store
Customer 799,2.26179800825653,60.9535418859604,Store
Customer 800,3.46519159536285,45.0379789058382,Online
Customer 801,4.42533879925077,69.5631432264672,Store
Customer 802,3.85827289158562,53.1305802604653,Online
Customer 803,1.55856361445269,58.9424737622639,Online
Customer 804,3.30955555015892,48.2363378676243,Online
Customer 805,2.00518726585994,74.7131645925673,Online
Customer 806,2.99737468271243,45.221519253258,Online
Customer 807,4.18156714304001,66.7454705683096,Store
Customer 808,5.29335158749519,35.9675819971661,Online
Customer 809,3.77552494620017,56.4609039388088,Online
Customer 810,2.60456349381667,21.5543270987331,Online
Customer 811,6.63742326740203,39.0795153109881,Online
Customer 812,2.99092536768207,83.0293623998372,Online
Customer 813,2.66179219749943,46.3882454958275,Online
Customer 814,2.42899620388594,84.5902067350941,Store
Customer 815,2.98917140351141,60.8400190771768,Online
Customer 816,3.35165980088341,48.7888166035525,Online
Customer 817,3.26593869575408,32.7092923965104,Online
Customer 818,1.93664787478533,64.7742373141577,Online
Customer 819,1.99898541005913,40.730283000226,Online
Customer 820,5.87430511821596,57.4684390724092,Online
Customer 821,1.75528540649187,76.4527973078924,Online
Customer 822,2.94929167462657,38.7785451622837,Online
Customer 823,1.99299651757664,46.5433072892031,Online
Customer 824,5.5546000261066,62.5401432273322,Online
Customer 825,1.83770549608244,67.1407502483456,Online
Customer 826,6.62741128515129,42.7850947586682,Online
Customer 827,3.42151062587965,61.7270798294836,Online
Customer 828,2.50214477138381,73.7688778332092,Store
Customer 829,1.62724991580511,46.5165112064941,Store
Customer 830,2.23791793994104,27.7972637815704,Online
Customer 831,4.95207154439049,38.0007028788508,Online
Customer 832,1.63138307109278,49.728506678101,Online
Customer 833,0.973690443082058,27.9915774710769,Online
Customer 834,3.66379682530178,66.0633721481553,Online
Customer 835,2.48417823556642,43.6782700387362,Store
Customer 836,2.41404577889865,46.0639855633881,Store
Customer 837,1.92401151717949,36.4449759810027,Online
Customer 838,1.92286044445944,51.6990429050455,Online
Customer 839,2.43696464392581,70.4308687472457,Online
Customer 840,3.60189119671095,46.7307476113477,Online
Customer 841,4.75112821634762,40.6402164549937,Online
Customer 842,4.61959563198114,56.135393465935,Online
Customer 843,5.16208690728471,57.368482799007,Online
Customer 844,1.6267384891954,47.4938314345702,Online
Customer 845,2.26692724825175,65.4260732646936,Online
Customer 846,1.86936388028279,53.4137731992246,Online
Customer 847,2.94897864889776,45.6526482040896,Online
Customer 848,3.23100833775651,36.6163420852773,Online
Customer 849,3.34242110694719,86.9096178815017,Online
Customer 850,1.21674902074224,42.7343020598507,Store
Customer 851,3.9269023043061,71.0822079503737,Online
Customer 852,4.70670760735834,28.3353969674214,Store
Customer 853,3.43529478134583,48.109545123635,Online
Customer 854,9.23863767243172,45.3460066709669,Online
Customer 855,5.9807353910367,32.0377673246051,Store
Customer 856,5.46190503492464,51.893329286324,Store
Customer 857,2.42479956734211,52.9561484208091,Online
Customer 858,3.93412141359919,49.4973005866091,Online
Customer 859,3.75559704779175,85.2669422787738,Online
Customer 860,7.06470971332402,49.2007105979201,Online
Customer 861,1.18991659457869,64.1872589903173,Online
Customer 862,3.65048994262883,42.5835264553164,Store
Customer 863,1.9482820510565,59.5177818277047,Online
Customer 864,2.70063279085237,52.6535599205847,Online
Customer 865,1.97767830301724,58.9824038363264,Online
Customer 866,4.79106093059228,41.258611079371,Online
Customer 867,6.73620488099833,44.9915416138008,Online
Customer 868,1.0937849714476,57.596310692223,Online
Customer 869,0.459123215827318,43.1934720264816,Online
Customer 870,2.02557563248317,78.4209344590961,Online
Customer 871,1.04016596278367,39.4649005752932,Online
Customer 872,1.82861528380356,64.4155953479978,Online
Customer 873,4.70982273567527,68.3522677841296,Store
Customer 874,2.94378117485856,29.9784525151418,Online
Customer 875,3.79985625417673,34.7707163867015,Store
Customer 876,3.60627164604321,51.7726053222027,Online
Customer 877,5.70838413099455,32.0604599221482,Online
Customer 878,1.38696939611518,68.8487271449881,Store
Customer 879,5.29900599025273,39.7212392728469,Online
Customer 880,2.58474500890225,47.5595117799663,Online
Customer 881,5.60222469824152,41.2838306887389,Store
Customer 882,6.55219748697385,61.2699853078465,Online
Customer 883,2.74100192263039,56.7278607345051,Online
Customer 884,2.04817562657112,33.6186867905684,Online
Customer 885,3.27370531332553,31.5625359010787,Online
Customer 886,1.04369046758149,32.9708478269822,Online
Customer 887,2.49368686029417,57.5919190596265,Store
Customer 888,4.17253468036432,62.1368610226859,Online
Customer 889,2.78049342292725,53.4504616100001,Online
Customer 890,1.4976967379627,35.4765041521482,Online
Customer 891,3.76482805084531,52.0596993336445,Online
Customer 892,8.12569585536601,63.825200979146,Online
Customer 893,2.11331245392891,26.6453077897104,Store
Customer 894,4.18486349686393,34.5233412463787,Online
Customer 895,1.87824174405107,34.1428981592212,Online
Customer 896,1.07367915100157,63.0120807160712,Store
Customer 897,1.27357607660885,21.6469989880184,Online
Customer 898,3.09404785021204,43.5144877326995,Online
Customer 899,4.08732205341934,52.8515647750739,Online
Customer 900,2.96607423288538,78.0977312429642,Online
Customer 901,1.09913478668775,73.6488674735096,Online
Customer 902,6.3164148715878,25.5045316853966,Online
Customer 903,3.05878894130325,10.6331545878659,Online
Customer 904,3.5173290824164,67.8256187028088,Online
Customer 905,2.76739987946846,36.9299803814879,Online
Customer 906,2.53569831487293,28.272703665113,Store
Customer 907,3.70255971829291,40.9786476908255,Online
Customer 908,0.76292565045274,50.9635114525272,Online
Customer 909,2.96607816248006,50.4970838133216,Online
Customer 910,0.759413536927272,82.1681041179605,Online
Customer 911,1.649463724786,54.8923133638533,Online
Customer 912,2.18301227632792,43.7269413316004,Store
Customer 913,2.86100072910697,68.3150209470056,Online
Customer 914,3.2979730761541,45.0048298078217,Online
Customer 915,1.14576498355759,33.1493072227764,Online
Customer 916,5.06225651608374,54.8013998084568,Online
Customer 917,3.18636526357607,53.1777841401665,Store
Customer 918,2.56080549022992,40.598334127433,Online
Customer 919,3.39410776447278,60.8121438068453,Store
Customer 920,3.25928038178306,53.588801526435,Online
Customer 921,1.62386644603788,66.7546849895337,Store
Customer 922,1.62662073540481,34.0902387799655,Online
Customer 923,5.230195686443,57.7068605774968,Online
Customer 924,3.76016668304015,66.7373775830905,Online
Customer 925,2.41807797293352,53.7922656255181,Online
Customer 926,1.68862419628598,49.2247112759242,Online
Customer 927,5.14959395720982,52.9639231424262,Online
Customer 928,5.74964239665496,47.5680781473513,Online
Customer 929,1.66896527285568,51.5408094054472,Online
Customer 930,2.00159371114581,45.8538727528249,Online
Customer 931,3.77570728332183,51.0037208158516,Online
Customer 932,6.96519327408599,49.8066044537211,Store
Customer 933,3.95983459026295,47.5022824090298,Online
Customer 934,3.30829314958137,23.357238741581,Online
Customer 935,3.45874463299993,21.9190563424204,Online
Customer 936,4.66900336422038,67.4450476775473,Online
Customer 937,3.48110636991966,59.5311103253498,Online
Customer 938,3.51451456257505,53.0835361950005,Store
Customer 939,2.12888997349482,49.5486778651406,Online
Customer 940,1.60589768267753,41.120188808713,Online
Customer 941,1.07216739544873,39.8209916975119,Online
Customer 942,4.0234405268985,51.1903771336625,Online
Customer 943,6.45863825716474,44.4517279098495,Store
Customer 944,1.91896069277231,47.9624749469242,Store
Customer 945,2.20887563012496,76.7131607288648,Online
Customer 946,1.32224900762973,72.2400221454456,Store
Customer 947,3.07247817533726,28.8975410322002,Online
Customer 948,3.79732596704475,38.5452944079558,Online
Customer 949,3.24145716648771,36.8288498196907,Store
Customer 950,2.60270208846113,50.1164860636087,Store
Customer 951,2.12303861944154,58.4091066991972,Online
Customer 952,2.78368432866607,53.5030236513199,Online
Customer 953,1.90997384998656,83.2594269002208,Store
Customer 954,1.77230739676875,85.7845281343489,Online
Customer 955,9.16797609188434,68.4105972617957,Store
Customer 956,1.42396371480562,73.1168068462249,Store
Customer 957,3.17706035792165,64.1913362423298,Store
Customer 958,1.53298249367286,29.3211585549352,Online
Customer 959,3.65301954734932,48.2363854588017,Store
Customer 960,6.23214200412946,57.6005157191851,Online
Customer 961,1.87417347962195,81.2737033310942,Online
Customer 962,2.97342729614469,55.0400927365065,Store
Customer 963,5.26938230778462,69.7208686394017,Store
Customer 964,3.31594357695453,45.9586017139788,Store
Customer 965,4.84677476864463,76.5873615766961,Online
Customer 966,4.23634753665171,42.1761994617369,Online
Customer 967,4.54709000696215,50.5562124118374,Online
Customer 968,2.09241897058513,26.081255750959,Online
Customer 969,2.79495120004656,40.0609973971092,Online
Customer 970,3.79150250289783,59.0376261795671,Online
Customer 971,3.19832791220863,51.4233165526945,Online
Customer 972,1.74037356889958,58.7547912042646,Online
Customer 973,4.70643334097623,75.5445902416709,Online
Customer 974,4.86011925914853,70.9408179560361,Online
Customer 975,3.12919826016864,79.9166158769938,Online
Customer 976,6.67875812734862,50.8546146447736,Online
Customer 977,2.890068594485,45.6580340535537,Online
Customer 978,1.28759721586871,46.6382938917798,Online
Customer 979,2.33280587261111,51.9293669234209,Online
Customer 980,2.52786990133211,93.4327548371799,Online
Customer 981,1.88753072834764,43.101230903468,Online
Customer 982,4.50615914789753,18.3829821582301,Online
Customer 983,2.88030189829157,31.0831475624758,Store
Customer 984,6.30487296243588,57.5026856085775,Store
Customer 985,2.25172165667155,45.410012377804,Online
Customer 986,2.52392661705578,33.2861794272387,Store
Customer 987,2.34506963049641,64.9919485477916,Store
Customer 988,1.80187339761124,30.5030085547868,Online
Customer 989,3.81587092344367,65.9152809325246,Online
Customer 990,3.20602084998723,63.3020376911023,Online
Customer 991,6.5544634784608,53.2857989256236,Online
Customer 992,1.40893015666188,47.4639936689775,Online
Customer 993,1.49913270620307,12.3410149695667,Online
Customer 994,2.99440602835326,30.5223494968383,Online
Customer 995,0.700226757797155,71.6591617948983,Online
Customer 996,3.67258298010006,13.8195906766761,Online
Customer 997,1.01691566394352,67.1327479024663,Online
Customer 998,7.66371254105618,47.4681037844988,Online
Customer 999,4.49667563583134,24.9357818140786,Online
Customer 1000,2.04607792351934,32.9951522187193,Online
